t,cycs,q,r,dt,dq,dr,time,tsqr,curr_1_1,curr_1_2,curr_1_3,curr_2_1,curr_2_2,curr_3_1,volt_1_1,volt_1_2,volt_1_3,volt_2_1,volt_2_2,volt_3_1,temp_1_1,temp_1_2,temp_1_3,temp_2_1,temp_2_2,temp_3_1,acur_1_1,acur_1_2,acur_1_3,acur_2_1,acur_2_2,acur_3_1,powr_1_1,powr_1_2,powr_1_3,powr_2_1,powr_2_2,powr_3_1,apwr_1_1,apwr_1_2,apwr_1_3,apwr_2_1,apwr_2_2,apwr_3_1,curr_1_1_d,curr_1_2_d,curr_1_3_d,curr_2_1_d,curr_2_2_d,curr_3_1_d,volt_1_1_d,volt_1_2_d,volt_1_3_d,volt_2_1_d,volt_2_2_d,volt_3_1_d,temp_1_1_d,temp_1_2_d,temp_1_3_d,temp_2_1_d,temp_2_2_d,temp_3_1_d,acur_1_1_d,acur_1_2_d,acur_1_3_d,acur_2_1_d,acur_2_2_d,acur_3_1_d,powr_1_1_d,powr_1_2_d,powr_1_3_d,powr_2_1_d,powr_2_2_d,powr_3_1_d,apwr_1_1_d,apwr_1_2_d,apwr_1_3_d,apwr_2_1_d,apwr_2_2_d,apwr_3_1_d
0.0416929131944444,1,96.8891001887762,0.017651217,0.0416929131944444,0,0,0.0416929131944444,0.204188425711264,0.245294314247688,0.7366283464145,0.992464773872321,0.490184062648361,0.745645667363864,0.255864015589042,0.314630237613612,0.697723500465556,0.965646479512182,0.384214517501686,0.652616839197058,0.267065509345872,0.631174038464441,0.932586423250231,0.958682925114315,0.311792170982226,0.34014416491601,0.0196992528610831,0.290978872543058,0.55272521107397,0.833292298356337,0.263620413160851,0.541305717835093,0.288054271558742,0.245472170528282,0.731149965907593,0.991821845318708,0.490286294334977,0.745628864017329,0.261737485141901,0.28898809382942,0.547769151542763,0.833292298356337,0.271444844748147,0.543215794761302,0.289982245220975,0,0,0,0,0,0,0,0,0,0,0,0,0,0,0,0,0,0,0,0,0,0,0,0,0,0,0,0,0,0,0,0,0,0,0,0
0.500255887731481,12,97.2754747548661,0.017283775,0.458562974537037,0.386374566089927,-0.000367441999999999,0.500255887731481,0.707287697992466,0.244902436440655,0.736628341557103,0.991989398980102,0.49032301804993,0.745983971193256,0.255864022968817,0.314215306313768,0.698647798150416,0.965359041204603,0.385181419104974,0.65259573068835,0.266287115035802,0.629794102232807,0.93291207369054,0.958682921958274,0.310925352099309,0.340607537373006,0.023414619585561,0.289525801434831,0.552369175575114,0.833297481840847,0.26362042120863,0.542738516274005,0.288090241044238,0.245139354276156,0.731345330002365,0.99184143003299,0.49107712082103,0.745964324126588,0.261481919221527,0.287416107838566,0.547870062819492,0.833297481840847,0.271444850156855,0.544752997341816,0.289882528857359,-0.000391877807033175,-4.85739704014776e-09,-0.000475374892218494,0.000138955401569663,0.000338303829391484,7.37977440268267e-09,-0.000414931299843324,0.000924297684859909,-0.00028743830757938,0.000966901603287829,-2.11085087081786e-05,-0.000778394310070318,-0.00137993623163424,0.000325650440308523,-3.15604187228757e-09,-0.000866818882916509,0.000463372456996403,0.00371536672447791,-0.00145307110822751,-0.000356035498855656,5.18348450928574e-06,8.04777827712044e-09,0.00143279843891264,3.59694854959458e-05,-0.000332816252125723,0.000195364094772166,1.95847142814287e-05,0.000790826486052276,0.000335460109259555,-0.00025556592037429,-0.00157198599085362,0.000100911276728732,5.18348450928574e-06,5.40870775944668e-09,0.00153720258051371,-9.97163636164422e-05
1.00030105902778,24,97.3997536128547,0.017278796,0.500045171296298,0.124278857988557,-4.97900000000218e-06,1.00030105902778,1.00015051818603,0.244645237061211,0.736628336266395,0.991509456396056,0.490174593292081,0.74617113231263,0.255864031123433,0.314038074679853,0.69943901866232,0.964989006649619,0.385826919457864,0.652239239609946,0.265573823664923,0.627918510514222,0.932497199474874,0.958682917946177,0.309486898141632,0.341737974212649,0.0275878826359657,0.287991186846656,0.552080991279023,0.833301885430651,0.263620430904695,0.544239134475174,0.288048222018142,0.244936938964479,0.731439785605857,0.991869138230681,0.491457770347431,0.746150771024537,0.261337733046168,0.285781526886767,0.548142213912938,0.833301885430651,0.271444857621757,0.546337002414057,0.289587414811309,-0.000257199379444045,-5.29070787180785e-09,-0.000479942584045934,-0.000148424757849153,0.00018716111937378,8.15461614900315e-09,-0.000177231633915809,0.000791220511904833,-0.0003700345549843,0.000645500352889794,-0.000356491078403964,-0.000713291370879165,-0.00187559171858453,-0.000414874215665884,-4.01209665490398e-09,-0.00143845395767733,0.00113043683964292,0.00417326305040465,-0.00153461458817483,-0.000288184296091121,4.40358980435818e-06,9.69606522849276e-09,0.0015006182011692,-4.20190260960185e-05,-0.000202415311677057,9.4455603492194e-05,2.77081976908233e-05,0.0003806495264011,0.000186446897948223,-0.000144186175358718,-0.00163458095179964,0.000272151093445694,4.40358980435818e-06,7.46490164127422e-09,0.00158400507224121,-0.000295114046049982
1.50051813194445,36,97.403892974983,0.017300442,0.500217072916667,0.00413936212828503,2.16460000000002e-05,1.50051813194445,1.22495637960886,0.244587759503058,0.736628331061205,0.991227940581595,0.489848765729282,0.746200187431825,0.255864039292791,0.314174032325674,0.69991539506917,0.964565113081151,0.385952395935202,0.651520631052445,0.265061335063039,0.625644484181505,0.931275004306681,0.95868291332296,0.308165275833151,0.343589136546272,0.0318881083700846,0.286604149748515,0.551907587577866,0.833306151664868,0.263620441447407,0.545598360150118,0.287918329577189,0.24491273089396,0.731412068365303,0.991904066098894,0.491336897069511,0.74618010668246,0.261334045519955,0.284338917630302,0.548595447532712,0.833306151664868,0.271444866680545,0.547740021221378,0.289086892145862,-5.74775581532738e-05,-5.20519038982314e-09,-0.000281515814460898,-0.000325827562799086,2.90551191953758e-05,8.16935830094678e-09,0.000135957645821194,0.000476376406849721,-0.000423893568467726,0.000125476477338404,-0.000718608557501166,-0.000512488601883909,-0.00227402633271701,-0.00122219516819277,-4.62321725347437e-09,-0.00132162230848093,0.00185116233362304,0.00430022573411892,-0.00138703709814092,-0.000173403701156816,4.26623421645456e-06,1.05427119256873e-08,0.00135922567494395,-0.000129892440952795,-2.42080705189496e-05,-2.77172405545034e-05,3.49278682137966e-05,-0.000120873277919542,2.93356579234016e-05,-3.68752621288104e-06,-0.00144260925646489,0.000453233619774229,4.26623421645456e-06,9.05878794199566e-09,0.00140301880732074,-0.000500522665446756
2.00077161111111,48,97.3888048551244,0.017460359,0.500253479166667,-0.0150881198585893,0.000159917000000002,2.00077161111111,1.41448634179023,0.244734737505786,0.736628326016546,0.991213185938908,0.489456395605647,0.746097802059983,0.255864047378417,0.314619624243741,0.700016856993136,0.964113979347272,0.385512005123308,0.650457736830289,0.264794615996534,0.62297970706733,0.929289029645243,0.95868290808805,0.306892131245826,0.346134829770028,0.0363038479730559,0.285421718204319,0.551858409604545,0.833310063014166,0.263620452714562,0.546771776248365,0.287695963674725,0.245064601871415,0.731276473277446,0.9919465782023,0.490747757918024,0.74607822743719,0.261455351423181,0.283157402242251,0.549237559175937,0.833310063014166,0.271444877237152,0.548909877829441,0.288377477690228,0.000146978002728337,-5.0446589128228e-09,-1.4754642687631e-05,-0.000392370123634911,-0.000102385371842262,8.08562572451876e-09,0.000445591918066868,0.000101461923966317,-0.00045113373387895,-0.000440390811894398,-0.00106289422215589,-0.000266719066504995,-0.00266477711417556,-0.00198597466143802,-5.23490972792473e-09,-0.0012731445873253,0.0025456932237562,0.00441573960297127,-0.00118243154419584,-4.91779733207132e-05,3.91134929866865e-06,1.12671548757604e-08,0.00117341609824706,-0.000222365902463495,0.000151870977454838,-0.000135595087856877,4.25121034058895e-05,-0.000589139151486839,-0.000101879245270386,0.000121305903225566,-0.00118151538805084,0.000642111643224919,3.91134929866865e-06,1.05566074770636e-08,0.00116985660806268,-0.000709414455633606
2.50102339120371,60,97.3753231405854,0.01731335,0.500251780092592,-0.0134817145389405,-0.000147009,2.50102339120371,1.58146242168561,0.245070923497835,0.736628321183936,0.991324014002479,0.489030883560853,0.745879802849275,0.255864055303596,0.315335336048365,0.69971123273791,0.963681964104676,0.384510608107107,0.649106846607614,0.264803167991124,0.619934768497546,0.926584487034657,0.958682902246196,0.305619060965543,0.349308113714463,0.0408187183104061,0.28446549565945,0.551942414317047,0.833313039062092,0.263620464593657,0.547745886341958,0.287374559136498,0.245380605911488,0.731057435389914,0.991996750085855,0.489745019409825,0.745860721838083,0.261674076003351,0.282266352921927,0.550072157637532,0.833313039062092,0.271444889157248,0.549827497709919,0.287463047690835,0.000336185992049431,-4.83260975681077e-09,0.000110828063570989,-0.000425512044794518,-0.00021799921070742,7.9251791795798e-09,0.000715711804624319,-0.000305624255226844,-0.000432015242596284,-0.00100139701620067,-0.00135089022267509,8.55199458954514e-06,-0.00304493856978361,-0.00270454261058617,-5.84185344543187e-09,-0.0012730702802824,0.0031732839444345,0.00451487033735025,-0.000956222544869378,8.40047125018062e-05,2.9760479260954e-06,1.18790948744341e-08,0.000974110093592384,-0.000321404538227044,0.00031600404007312,-0.000219037887531415,5.01718835550502e-05,-0.00100273850819982,-0.00021750559910616,0.000218724580169749,-0.000891049320324577,0.000834598461594838,2.9760479260954e-06,1.19200960768673e-08,0.000917619880478782,-0.000914429999392896
3.0012187650463,72,97.3498400062984,0.017307773,0.500195373842593,-0.0254831342870858,-5.57700000000314e-06,3.0012187650463,1.73240259900703,0.24557517789319,0.736628316601327,0.991539375237932,0.488585617419179,0.745549690461558,0.255864063005216,0.316257169312863,0.698992374202299,0.963286410821715,0.382995762663201,0.647542252824116,0.265097999530234,0.616513617769731,0.923168203082503,0.958682895802304,0.304412766653321,0.353027102123687,0.045413978988942,0.283730149481647,0.552168537315729,0.833314355129509,0.263620476980335,0.548531589707157,0.286945705152916,0.245841145378185,0.730781629640029,0.992054395611158,0.488389890751749,0.745531360494106,0.261960499794382,0.281667670173779,0.551099466843797,0.833314355129509,0.271444902274959,0.550497775911877,0.286351882684382,0.000504254395354287,-4.58260862590265e-09,0.000215361235453182,-0.00044526614167345,-0.000330112387717074,7.70161978635997e-09,0.000921833264497851,-0.0007188585356106,-0.000395553282961258,-0.00151484544390595,-0.00156459378349816,0.000294831539110751,-0.00342115072781513,-0.0034162839521541,-6.44389253068312e-09,-0.00120629431222213,0.00371898840922424,0.00459526067853586,-0.000735346177802632,0.000226122998681633,1.3160674171564e-06,1.23866784607074e-08,0.000785703365199453,-0.000428853983582222,0.000460539466696636,-0.000275805749885838,5.76455253028518e-05,-0.00135512865807563,-0.00032936134397743,0.000286423791031054,-0.000598682748147172,0.00102730920626515,1.3160674171564e-06,1.3117710750965e-08,0.000670278201957752,-0.00111116500645342
3.50147093981482,84,97.3021948072494,0.017317191,0.50025217476852,-0.0476451990490006,9.41800000000062e-06,3.50147093981482,1.8712217772928,0.246215889687206,0.736628312288402,0.991852132676946,0.48808580855081,0.745102921734217,0.255864070441812,0.31729980202537,0.697874812662772,0.962876163066063,0.38104971590635,0.645845048138436,0.265671605346071,0.612737263008515,0.919087713109772,0.958682888779825,0.303497683736606,0.357164477476315,0.0500641972957988,0.283191135470458,0.552544171692272,0.833313214220724,0.263620489765731,0.54915828827346,0.286401267255081,0.246417554180517,0.730474486871232,0.992119076831854,0.486751965295864,0.745086302215783,0.262285279269697,0.28134645719036,0.552317150461259,0.833313214220724,0.271444916399905,0.550941725506345,0.285055082805026,0.000640711794016535,-4.31292590530319e-09,0.000312757439014155,-0.000499808868369644,-0.000446768727341618,7.43659595014989e-09,0.00104263271250737,-0.00111756153952669,-0.000410247755651572,-0.00194604675685051,-0.00169720468567947,0.000573605815836764,-0.00377635476121607,-0.00408048997273103,-7.02247893169528e-09,-0.000915082916715604,0.00413737535262793,0.00465021830685684,-0.000539014011188998,0.00037563437654331,-1.14090878533535e-06,1.27853957421209e-08,0.000626698566303152,-0.000544437897835204,0.000576408802332173,-0.00030714276879662,6.46812206953618e-05,-0.00163792545588448,-0.000445058278323196,0.000324779475315451,-0.000321212983419805,0.001217683617462,-1.14090878533535e-06,1.41249461016457e-08,0.000443949594467474,-0.00129679987935594
4.00172202199074,96,97.236187013459,0.017279906,0.500251082175925,-0.0660077937903765,-3.7284999999998e-05,4.00172202199074,2.00043045917391,0.246941309306061,0.736628308259177,0.992202379446053,0.48753132185855,0.744547743383937,0.255864077573089,0.318352853251115,0.69638675567035,0.962392886819427,0.378783008708496,0.644120358878904,0.266506515523197,0.608632341183576,0.914378419158415,0.958682881210938,0.303185203154354,0.361537591690508,0.0547348415446277,0.282823789625757,0.553074313015896,0.833310440471089,0.263620502808083,0.549658760703446,0.285734863059593,0.247066186910482,0.73015507961817,0.992190141215357,0.484924418509183,0.744534648737292,0.26262536163511,0.28128095342234,0.55371996732899,0.833310440471089,0.271444931308703,0.551188995691193,0.283586306759171,0.000725419618854473,-4.02922462061639e-09,0.000350246769107443,-0.000554486692259271,-0.000555178350279517,7.13127767948407e-09,0.00105305122574484,-0.00148805699242271,-0.000483276246636244,-0.00226670719785471,-0.00172468925953229,0.000834910177125558,-0.00410492182493871,-0.00470929395135666,-7.56888740571782e-09,-0.000312480582252139,0.00437311421419301,0.0046706442488289,-0.000367345844700939,0.000530141323623834,-2.77374963530974e-06,1.30423526423229e-08,0.00050047242998541,-0.000666404195487691,0.000648632729964682,-0.000319407253061676,7.10643835031277e-05,-0.00182754678668118,-0.000551653478490288,0.000340082365412886,-6.55037680198922e-05,0.00140281686773147,-2.77374963530974e-06,1.49087974188333e-08,0.000247270184848714,-0.00146877604585516
4.50191950694445,108,97.1595125665646,0.017450674,0.500197484953703,-0.0766744468943443,0.000170767999999998,4.50191950694445,2.12177272744855,0.247670440396461,0.736628304521646,0.992424833053782,0.486945000366951,0.743936653696317,0.255864084362785,0.319282773989617,0.694565455558969,0.961793562531258,0.376326378679155,0.642499768917762,0.267579868033128,0.604242511241254,0.909095358904899,0.958682873145997,0.303563387858901,0.365895150920984,0.0593855314636701,0.282607480752778,0.553759182271392,0.833306778716649,0.263620515913836,0.550064495185936,0.284944605043137,0.247721396657667,0.729815036072352,0.992266742267042,0.48302734295882,0.74392905669437,0.262983969345735,0.281446242971085,0.55530037689241,0.833306778716649,0.271444946753166,0.551274470622571,0.281960132131724,0.000729131090399932,-3.73753106241992e-09,0.000222453607728545,-0.000586321491599484,-0.00061108968762047,6.7896954170088e-09,0.000929920738501899,-0.00182130011138049,-0.000599324288168224,-0.00245663002934027,-0.00162058996114167,0.0010733525099314,-0.00438982994232195,-0.00528306025351621,-8.06494038219085e-09,0.000378184704547868,0.00435755923047659,0.00465068991904233,-0.000216308872979298,0.000684869255496046,-3.6617544394435e-06,1.31057523722333e-08,0.000405734482490594,-0.000790258016455714,0.000655209747185748,-0.00034004354581807,7.66010516851656e-05,-0.00189707555036278,-0.000605592042922209,0.000358607710625403,0.000165289548745451,0.00158040956341976,-3.6617544394435e-06,1.54444637634477e-08,8.54749313781156e-05,-0.00162617462744713
5.00215940393519,120,97.0729595945086,0.017319499,0.500239896990741,-0.0865529720560403,-0.000131175000000001,5.00215940393519,2.23655078277583,0.248294022925954,0.736628301088554,0.992593617712406,0.486420862452275,0.743437352254892,0.255864090772635,0.319930243125788,0.692450023460415,0.961070159452159,0.373822067402498,0.641146528742375,0.268869474894464,0.59961979363486,0.903290071478031,0.958682864649074,0.30457619587297,0.369946935748072,0.0639770328327317,0.282526552458396,0.554594877141721,0.833303600438555,0.263620528845574,0.550405433661783,0.284032468323728,0.248286359611737,0.729400950691076,0.992347924209655,0.481231463002218,0.7434341095072,0.26340831637523,0.281818550527884,0.557049160893369,0.833303600438555,0.271444962464821,0.551234370909524,0.280191175354554,0.000623582529493433,-3.43309214390075e-09,0.000168784658624244,-0.000524137914676093,-0.000499301441424294,6.40984998412364e-09,0.000647469136171142,-0.00211543209855392,-0.000723403079099572,-0.00250431127665779,-0.00135324017538752,0.00128960686133578,-0.00462271760639432,-0.00580528742686826,-8.49692294302429e-09,0.00101280801406839,0.00405178482708729,0.00459150136906165,-8.09282943816103e-05,0.000835694870328973,-3.17827809404037e-06,1.29317377917104e-08,0.000340938475846486,-0.00091213671940904,0.000564962954069881,-0.000414085381275742,8.11819426131954e-05,-0.00179587995660241,-0.000494947187170469,0.000424347029494732,0.000372307556798623,0.00174878400095912,-3.17827809404037e-06,1.57116549770464e-08,-4.00997130476366e-05,-0.00176895677716993
5.50239553587963,132,96.9714240545696,0.017222488,0.500236131944446,-0.101535539938993,-9.70109999999975e-05,5.50239553587963,2.34571855427705,0.248699036040689,0.73662829799762,0.992664004114989,0.486165389669014,0.743279117291973,0.255864096724724,0.320154066248535,0.690089903530186,0.960269357479078,0.371405568328702,0.640215770624252,0.270350598443618,0.594813902417985,0.896978500192086,0.958682855800642,0.306177042212145,0.373430148497071,0.0684799882136984,0.282557993694458,0.555577267246274,0.833306296240032,0.263620541360575,0.550719008270917,0.282999957147038,0.248665530889602,0.728843586285808,0.992432801205698,0.479698024320114,0.743273245670331,0.263963355109962,0.282357528639913,0.558955488836883,0.833306296240032,0.271444978176354,0.551118339727058,0.278291137479132,0.00040501311473512,-3.09093362016455e-09,7.03864025828338e-05,-0.000255472783260546,-0.000158234962919224,5.95208926590374e-09,0.000223823122746991,-0.00236011993022966,-0.000800801973080523,-0.00241649907379571,-0.00093075811812271,0.00148112354915442,-0.00480589121687436,-0.00631157128594451,-8.84843176507388e-09,0.00160084633917479,0.0034832127489996,0.00450295538096665,3.14412360613581e-05,0.000982390104553144,2.69580147660431e-06,1.25150015350961e-08,0.000313574609134504,-0.00103251117669051,0.000379171277865159,-0.000557364405268546,8.48769960424267e-05,-0.00153343868210359,-0.000160863836869085,0.000555038734731783,0.000538978112028965,0.0019063279435142,2.69580147660431e-06,1.57115328525137e-08,-0.000116031182465504,-0.00190003787542159
6.00233913194445,144,96.8526950908652,0.017278558,0.499943596064814,-0.118728963704442,5.60699999999983e-05,6.00233913194445,2.44996716956461,0.248934884013226,0.736628295328382,0.992658025651675,0.486018060923202,0.743252795723666,0.255864102078679,0.319986164687444,0.687582217446223,0.95942921880897,0.369157094393344,0.639690810276676,0.271969724360947,0.589868745061917,0.890118151815573,0.95868284671932,0.307439629506479,0.376267202135062,0.072909387873189,0.282594612728183,0.556706949272054,0.8333249687903,0.263620553317569,0.551107683484087,0.281842340361475,0.248895088213786,0.728163555426435,0.992520846048284,0.478248886114588,0.743243890133028,0.264629310145464,0.282940406248087,0.561010368641833,0.8333249687903,0.27144499373078,0.55103613622274,0.27625273086028,0.00023584797253684,-2.66923794178808e-09,-5.97846331384932e-06,-0.00014732874581197,-2.63215683068418e-05,5.35395444645204e-09,-0.000167901561090589,-0.00250768608396257,-0.000840138670108237,-0.00224847393535815,-0.000524960347576098,0.00161912591732893,-0.00494515735606871,-0.00686034837651339,-9.08132236077108e-09,0.00126258729433443,0.00283705363799103,0.00442939965949063,3.66190337252603e-05,0.00112968202578034,1.86725502682172e-05,1.19569939505126e-08,0.000388675213169543,-0.00115761678556331,0.000229557324183449,-0.00068003085937296,8.80448425860658e-05,-0.00144913820552695,-2.93555373029886e-05,0.000665955035501598,0.000582877608174548,0.00205487980494945,1.86725502682172e-05,1.55544260804774e-08,-8.22035043186453e-05,-0.00203840661885213
6.50212604861111,156,96.7216022885709,0.017352577,0.499786916666666,-0.131092802294205,7.40190000000016e-05,6.50212604861111,2.54992667514404,0.249049629923236,0.736628293177203,0.992691700613823,0.485790419738359,0.743226403970831,0.255864106672305,0.31947561350117,0.685017521881207,0.958558688716168,0.367130719041823,0.639526205519865,0.273675320877094,0.584828453254774,0.882689129873132,0.958682837540298,0.307799152886406,0.378428019305764,0.0772868296645682,0.282532252124124,0.557982690241652,0.833377497292996,0.263620564556166,0.551669289827261,0.280555901939915,0.249008527694421,0.727342271437888,0.992611553339731,0.476686157170751,0.743217387318212,0.26542437435566,0.283446280723305,0.563204144606282,0.833377497292996,0.271445008964667,0.551093333966821,0.274066945409273,0.000114745910010317,-2.15117945678855e-09,3.36749621474564e-05,-0.000227641184843197,-2.6391752835031e-05,4.59362614613212e-09,-0.000510551186274133,-0.00256469556501604,-0.000870530092801913,-0.00202637535152034,-0.000164604756810682,0.00170559651614705,-0.00504029180714249,-0.00742902194244099,-9.1790219869381e-09,0.000359523379926896,0.00216081717070127,0.00437744179137917,-6.2360604058842e-05,0.00127574096959782,5.25285026963251e-05,1.12385968309425e-08,0.000561606343174481,-0.00128643842156001,0.00011343948063533,-0.000821283988547417,9.07072914471119e-05,-0.00156272894383658,-2.65028148156432e-05,0.000795064210196761,0.000505874475217272,0.00219377596444892,5.25285026963251e-05,1.52338865966328e-08,5.71977440810834e-05,-0.00218578545100739
7.00162100925926,168,96.5844820748737,0.017407145,0.499494960648147,-0.13712021369723,5.45679999999979e-05,7.00162100925926,2.64605763528674,0.249046608440522,0.736628291672043,0.992749613570812,0.485452770406932,0.743192761382439,0.255864110290323,0.318647932114787,0.68246053579392,0.957657031856781,0.365357232038274,0.639691167315062,0.275430299545839,0.579737322261569,0.874686066959561,0.958682828411274,0.306528384943403,0.379872896800725,0.0816223008306612,0.282301037919611,0.559397451121242,0.833492041743123,0.263620574836431,0.552469643051127,0.279141963201657,0.249008510073876,0.726298305214431,0.992704281154015,0.474850904443929,0.743186470607503,0.266429946705741,0.283786909445413,0.565521910221404,0.833492041743123,0.271445023638137,0.551364881933365,0.27173222783708,-3.02148271427716e-06,-1.50515944152829e-09,5.79129569889814e-05,-0.000337649331427381,-3.36425883926683e-05,3.61801871795464e-09,-0.000827681386383672,-0.00255698608728694,-0.00090165685938759,-0.00177348700354979,0.000164961795196317,0.00175497866874513,-0.00509113099320535,-0.00800306291357067,-9.12902420324713e-09,-0.00127076794300246,0.00144487749496114,0.00433547116609309,-0.000231214204512997,0.00141476087958958,0.00011454445012693,1.02802648060951e-08,0.000800353223865957,-0.00141393873825735,-1.7620545494923e-08,-0.00104396622345615,9.27278142842658e-05,-0.00183525272682167,-3.09167107090946e-05,0.00100557235008053,0.00034062872210805,0.00231776561512231,0.00011454445012693,1.46734702721751e-08,0.000271547966544494,-0.00233471757219245
7.50072943171297,180,96.4404476948203,0.01731663,0.499108422453708,-0.144034380053427,-9.05149999999993e-05,7.50072943171297,2.73874595968903,0.248904120897592,0.736628290963257,0.992753707418558,0.484941084148016,0.743198260209216,0.255864112680287,0.317522076015367,0.679946596334215,0.956746019388579,0.363831994717685,0.64015882794846,0.277216349155687,0.574637263787499,0.866148848138501,0.958682819493369,0.303482664453618,0.380611077204073,0.0859161569307922,0.281867688594871,0.560937458616237,0.833710963629003,0.263620583837457,0.5535371262411,0.277607522508898,0.24888090294439,0.724913881327958,0.992798298665652,0.472608602502659,0.743196527171028,0.267765107378883,0.283912538679148,0.567943536543686,0.833710963629003,0.271445037431898,0.551887087750582,0.269257106583237,-0.000142487542929698,-7.08786696002051e-10,4.09384774635591e-06,-0.000511686258915622,5.49882677780555e-06,2.38996383794543e-09,-0.00112585609941934,-0.00251393945970468,-0.000911012468201688,-0.00152523732058896,0.000467660633398537,0.00178604960984724,-0.00510005847407025,-0.00853721882106029,-8.91790530310743e-09,-0.00304572048978524,0.000738180403347721,0.004293856100131,-0.000433349324740595,0.00154000749499494,0.000218921885879131,9.00102653522694e-09,0.00106748318997307,-0.00153444069275904,-0.00012760712948609,-0.00138442388647342,9.40175116366238e-05,-0.00224230194126995,1.00565635245964e-05,0.00133516067314238,0.000125629233735436,0.00242162632228149,0.000218921885879131,1.37937608557515e-08,0.000522205817216626,-0.00247512125384286
8.04104450810185,193,96.2665281223151,0.017278902,0.540315076388886,-0.173919572505184,-3.77280000000008e-05,8.04104450810185,2.8356735545725,0.24856336153683,0.736628291304349,0.992758806233314,0.484003801746018,0.743332170365348,0.255864113535795,0.316000898522303,0.677268415563046,0.955792484943525,0.362392793567281,0.640957187873075,0.279192063305819,0.569169524286517,0.856474581323477,0.958682810288118,0.298225285999735,0.380666978322083,0.0905086770218603,0.281179850264821,0.562724582911834,0.834134194412564,0.263620591691021,0.554973574974131,0.275821808496578,0.248576123354446,0.722848961472395,0.992900551056061,0.469565476913925,0.743335543061716,0.269767960563653,0.283805738352709,0.570653706808727,0.834134194412564,0.27144505089997,0.552717642923945,0.266443498794164,-0.000340759360762444,3.41092376565655e-10,5.09881475585505e-06,-0.000937282401997808,0.000133910156131289,8.55507498176422e-10,-0.00152117749306396,-0.0026781807711691,-0.00095353444505375,-0.00143920115040408,0.000798359924615299,0.00197571415013242,-0.00546773950098134,-0.00967426681502426,-9.20525089487256e-09,-0.00525737845388363,5.59011180101265e-05,0.00459252009106802,-0.000687838330049706,0.00178712429559746,0.000423230783561657,7.85356402133175e-09,0.00143644873303017,-0.00178571401231981,-0.000304779589944015,-0.00206491985556256,0.000102252390409618,-0.00304312558873437,0.000139015890687988,0.00200285318476934,-0.000106800326438838,0.00271017026504117,0.000423230783561657,1.34680719354741e-08,0.000830555173363279,-0.00281360778907352
8.53949914351852,205,96.0829243739809,0.017427672,0.498454635416669,-0.183603748334207,0.000148770000000003,8.53949914351852,2.92224214320417,0.248053610682635,0.736628292885679,0.992798688934795,0.48253870195732,0.743676626422269,0.255864112325425,0.314386457652922,0.674789840602662,0.954971780616464,0.36112683235701,0.641870357473107,0.281083598527151,0.564238972299454,0.847382528659344,0.958682802425926,0.291900475151895,0.380147193641003,0.094674030833225,0.280410886002517,0.564454473084955,0.834775004636782,0.263620596667255,0.556470502076866,0.274077381456003,0.248126365435512,0.720238321241289,0.992994125939124,0.466069042075551,0.743681978982946,0.272321898295991,0.283546251954682,0.573199492672766,0.834775004636782,0.271445061401755,0.55364318579747,0.263766313072435,-0.00050975085419494,1.58132973382408e-09,3.98827014813641e-05,-0.00146509978869841,0.000344456056921572,-1.2103696378496e-09,-0.0016144408693809,-0.00247857496038451,-0.00082070432706105,-0.00126596121027039,0.000913169600031738,0.00189153522133156,-0.00493055198706371,-0.00909205266413249,-7.86219189752302e-09,-0.00632481084783998,-0.000519784681079716,0.00416535381136475,-0.000768964262303939,0.00172989017312064,0.000640810224217803,4.9762338694137e-09,0.0014969271027353,-0.00174442704057498,-0.000449757918933535,-0.00261064023110658,9.35748830627192e-05,-0.00349643483837403,0.000346435921230737,0.00255393773233797,-0.000259486398026698,0.00254578586403931,0.000640810224217803,1.05017853857525e-08,0.000925542873524643,-0.0026771857217292
9.03766781712963,217,95.8843498661996,0.017334156,0.49816867361111,-0.198574507781331,-9.35160000000018e-05,9.03766781712963,3.00627141441514,0.247360775541257,0.736628295986681,0.992951066448288,0.480289351909771,0.744339987028933,0.25586410869408,0.312703904553065,0.672205515905462,0.954234908358131,0.359696425480934,0.642787636995234,0.283098850674421,0.559485434061029,0.838420559753427,0.958682795391285,0.284480908615124,0.379264044894083,0.0987488164481626,0.27965378253222,0.566222968763399,0.835727281767906,0.263620598846906,0.5579582339168,0.27226484512145,0.247524970327613,0.716832745776512,0.993085640303028,0.461891257930517,0.7443422948162,0.275688572820609,0.283269102950954,0.575743646445386,0.835727281767906,0.27144506936488,0.554554416853284,0.261074944951471,-0.000692835141377635,3.10100245481948e-09,0.000152377513492397,-0.00224935004754862,0.000663360606663499,-3.63134550207533e-09,-0.00168255309985738,-0.00258432469719927,-0.000736872258332855,-0.00143040687607671,0.000917279522126613,0.00201525214727055,-0.00475353823842406,-0.00896196890591749,-7.03464086981853e-09,-0.00741956653677039,-0.000883148746920304,0.0040747856149376,-0.000757103470297449,0.0017684956784445,0.000952277131124002,2.17965118176622e-09,0.00148773183993378,-0.00181253633455353,-0.000601395107899333,-0.0034055754647766,9.15143639045324e-05,-0.00417778414503367,0.000660315833253211,0.00336667452461875,-0.000277149003728883,0.00254415377261952,0.000952277131124002,7.96312443762659e-09,0.000911231055814588,-0.00269136812096332
9.53560511574074,229,95.6891221635054,0.017365964,0.497937298611111,-0.195227702694197,3.18080000000012e-05,9.53560511574074,3.08797751218184,0.246539296062173,0.736628300991076,0.993179443377131,0.47724583666988,0.745390511891862,0.255864102005359,0.311173104146583,0.669343614020351,0.953530472961819,0.357758070657496,0.643437700448025,0.285331362162543,0.554994063770508,0.829970170259538,0.95868278942074,0.275420346003481,0.378275015992801,0.102725170766788,0.279145640141342,0.567977027844046,0.837005085894658,0.263620597473991,0.559148904863352,0.270419331657443,0.246830379635411,0.712721269296127,0.993173743828353,0.457247522020063,0.745381219992622,0.279803425351288,0.283207093665891,0.578233082386903,0.837005085894658,0.271445073961014,0.555178803758239,0.258456266324699,-0.000821479479083925,5.00439523154483e-09,0.000228376928843699,-0.00304351523989116,0.00105052486292956,-6.68872107700835e-09,-0.00153080040648207,-0.00286190188511126,-0.000704435396312486,-0.00193835482343785,0.000650063452791172,0.00223251148812159,-0.00449137029052127,-0.00845038949388888,-5.97054461426438e-09,-0.00906056261164317,-0.000989028901281164,0.00397635431862529,-0.000508142390877209,0.00175405908064652,0.00127780412675171,-1.37291511492776e-09,0.00119067094655234,-0.00184551346400652,-0.000694590692202124,-0.00411147648038523,8.81035253242901e-05,-0.00464373591045453,0.00103892517642223,0.00411485253067861,-6.20092850625587e-05,0.00248943594151763,0.00127780412675171,4.59613441750051e-09,0.000624386904954366,-0.00261867862677284
10.0336858483796,241,95.5122082801779,0.017287008,0.49808073263889,-0.176913883327472,-7.89560000000016e-05,10.0336858483796,3.16759938255765,0.245746045930479,0.736628308385832,0.993477537098962,0.473799550081205,0.746730306918098,0.255864091454398,0.310134769443018,0.665947420838518,0.952732043664976,0.354821351407551,0.643413633327482,0.287917279829564,0.550860830140171,0.822511373734873,0.958682784772795,0.264874476072047,0.377605146384912,0.106616948785012,0.279252317423982,0.569646639526695,0.838454316944977,0.263620591606055,0.559602650351298,0.268587572181713,0.24618513306044,0.708486026331128,0.9932570088319,0.452826919795735,0.746698726875023,0.284103414087819,0.283714538494445,0.580604038702495,0.838454316944977,0.271445074168502,0.555109152660222,0.256026992094253,-0.000793250131694373,7.39475558564351e-09,0.00029809372183065,-0.00344628658867552,0.00133979502623582,-1.05509606607157e-08,-0.00103833470356496,-0.00339619318183348,-0.00079842929684304,-0.00293671924994421,-2.40671205425924e-05,0.00258591766702132,-0.00413323363033757,-0.00745879652466508,-4.64794536192414e-09,-0.0105458699314344,-0.000669869607888951,0.00389177801822434,0.000106677282639633,0.00166961168264945,0.00144923105031936,-5.8679365810832e-09,0.000453745487946411,-0.00183175947573044,-0.000645246574971059,-0.00423524296499855,8.32650035472726e-05,-0.00442060222432822,0.00131750688240095,0.00429998873653153,0.000507444828553971,0.00237095631559192,0.00144923105031936,2.07487471648449e-10,-6.96510980171539e-05,-0.00242927423044559
10.6606666261574,248,95.3098443034216,0.017437166,0.626980777777776,-0.202363976756274,0.000150158000000001,10.6606666261574,3.26506762964527,0.245326839753376,0.736628322031136,0.993837935502837,0.471310207554015,0.747818687264924,0.255864071130885,0.31029501680021,0.660354166920099,0.951166529738301,0.34867252226339,0.641526401466046,0.291959051382834,0.546363980950042,0.815589544509277,0.958682781273549,0.254998187650553,0.378226826043846,0.11143727718427,0.281092216279869,0.571481259217501,0.839579212281263,0.263620576012386,0.558128468847567,0.266401240769947,0.245897470020237,0.705704628943716,0.993352380304878,0.450167834389347,0.747762775359583,0.287002884898134,0.285954493666744,0.583293971472255,0.839579212281263,0.271445066212546,0.553132826421346,0.253486133253712,-0.000419206177102865,1.36453042198781e-08,0.000360398403874584,-0.00248934252718908,0.0010883803468259,-2.03235125950663e-08,0.000160247357192,-0.00559325391841892,-0.00156551392667514,-0.00614882914416182,-0.00188723186143613,0.0040417715532699,-0.00449684919012816,-0.00692182922559537,-3.49924589304607e-09,-0.00987628842149324,0.000621679658933671,0.00482032839925781,0.00183989885588742,0.00183461969080612,0.00112489533628546,-1.55936689671954e-08,-0.00147418150373124,-0.00218633141176616,-0.00028766304020264,-0.00278139738741279,9.53714729780009e-05,-0.00265908540638704,0.00106404848455999,0.00289947081031411,0.00223995517229897,0.00268993276976015,0.00112489533628546,-7.95595517244507e-09,-0.00197632623887578,-0.00254085884054073
11.0353506724537,257,95.1832488920138,0.017396487,0.374684046296295,-0.126595411407877,-4.06790000000018e-05,11.0353506724537,3.3219498299122,0.245722907824363,0.736628332916783,0.993751970300814,0.472831756225271,0.747212270637275,0.255864054535095,0.311561491140462,0.656031948011068,0.949689812894854,0.343187225697066,0.638962299560373,0.294931331806119,0.544127296750333,0.813251511292431,0.958682780635129,0.255673829235805,0.379927671693356,0.114303457347717,0.28351756953789,0.572365032445464,0.839109908474574,0.263620561501632,0.555655582622608,0.265204762233119,0.246284360044936,0.707450695046237,0.993403213441041,0.451868816105517,0.747169219942013,0.285260338253794,0.288542576131393,0.584687895689799,0.839109908474574,0.271445056180308,0.550495545326233,0.252355666416114,0.000396068070987216,1.08856464953178e-08,-8.5965202022642e-05,0.00152154867125587,-0.00060641662764882,-1.65957899089797e-08,0.00126647434025223,-0.0043222189090304,-0.00147671684344697,-0.00548529656632385,-0.00256410190567369,0.00297228042328496,-0.00223668419970924,-0.00233803321684622,-6.38420094567493e-10,0.000675641585251907,0.00170084564950945,0.00286618016344663,0.00242535325802051,0.000883773227962292,-0.000469303806688859,-1.45107531546174e-08,-0.002472886224959,-0.00119647853682808,0.000386890024699355,0.00174606610252115,5.08331361632752e-05,0.00170098171616945,-0.000593555417569447,-0.00174254664433976,0.00258808246464864,0.0013939242175437,-0.000469303806688859,-1.0032238817459e-08,-0.00263728109511274,-0.00113046683759838
11.5334505474537,269,94.9862156324149,0.017376471,0.498099874999998,-0.197033259598825,-2.00159999999977e-05,11.5334505474537,3.39609342442956,0.246730905417356,0.73662835008974,0.993364251882173,0.476685638222419,0.745727757331649,0.255864028063078,0.314328643103039,0.64929667966779,0.947300891288391,0.334083275739481,0.634186024903045,0.299445932758039,0.541559710590256,0.811829984947953,0.958682781346291,0.260798926555581,0.383537873261012,0.118077428969556,0.287977259024033,0.573332631015414,0.837796702330148,0.263620536983255,0.550884112778371,0.263710207928274,0.247233173772405,0.71207345183709,0.993464369345053,0.45652322867789,0.745710976254857,0.280638480194241,0.293157461843378,0.586338336148985,0.837796702330148,0.271445037629292,0.545614123064232,0.251169379421622,0.00100799759299275,1.71729573894552e-08,-0.00038771841864127,0.00385388199714809,-0.00148451330562605,-2.64720176335054e-08,0.00276715196257693,-0.00673526834327787,-0.00238892160646276,-0.00910394995758446,-0.00477627465732788,0.00451460095192052,-0.00256758616007713,-0.00142152634447756,7.11161685096329e-10,0.00512509731977545,0.00361020156765601,0.00377397162183922,0.00445968948614334,0.000967598569950545,-0.00131320614442598,-2.45183775504643e-08,-0.00477146984423671,-0.00149455430484491,0.00094881372746905,0.00462275679085355,6.11559040114562e-05,0.00465441257237281,-0.00145824368715641,-0.00462185805955262,0.0046148857119851,0.0016504404591865,-0.00131320614442598,-1.85510152794777e-08,-0.00488142226200061,-0.00118628699449208
12.0324490555556,281,94.7445888077152,0.017391747,0.498998508101852,-0.241626824699694,1.52759999999981e-05,12.0324490555556,3.46878207092281,0.247911345054033,0.736628369580425,0.992974835477399,0.480721249029331,0.744325225242357,0.255863997811394,0.317878586244461,0.641717970705131,0.944704303171059,0.323449839309428,0.628347595197453,0.304442937007519,0.539270334549073,0.811634322936052,0.958682783580782,0.266226095647106,0.388233393743704,0.121783930803506,0.293343942379354,0.574142580209484,0.836456694789283,0.263620507864252,0.54502850164004,0.262262531041087,0.24835900086067,0.717209160725708,0.993519759077392,0.462001318699704,0.74432535850225,0.275562471035058,0.298645465302141,0.587841932046702,0.836456694789283,0.271445014670545,0.539701436764623,0.250124832348241,0.00118043963667633,1.94906845107923e-08,-0.000389416404773968,0.00403561080691178,-0.00140253208929253,-3.02516841022005e-08,0.00354994314142182,-0.007578708962659,-0.00259658811733232,-0.0106334364300532,-0.00583842970559212,0.0049970042494798,-0.0022893760411834,-0.000195662011901687,2.23449170277945e-09,0.0054271690915253,0.00469552048269256,0.00370650183394981,0.00536668335532059,0.000809949194069848,-0.00134000754086505,-2.91190024870325e-08,-0.00585561113833155,-0.00144767688718717,0.00112582708826484,0.00513570888861725,5.5389732338873e-05,0.0054780900218146,-0.00138561775260726,-0.00507600915918338,0.00548800345876349,0.00150359589771631,-0.00134000754086505,-2.29587475142345e-08,-0.00591268629960928,-0.00104454707338131
12.5328355023148,293,94.4611943461642,0.017395567,0.500386446759254,-0.283394461550998,3.8200000000016e-06,12.5328355023148,3.5401745016757,0.24904292086974,0.736628390644097,0.992680754775945,0.48417315373044,0.743281506623221,0.255863964997339,0.321858078120675,0.633540286380035,0.942081933740697,0.311743458098407,0.621836906309898,0.309774237125577,0.537096937451578,0.812088472979679,0.958682787092182,0.270361353260795,0.393646052125057,0.12539824018878,0.299202403817102,0.574860728044044,0.835389571318262,0.263620475470676,0.538582302279434,0.260806444544235,0.249463850369198,0.721854387151763,0.993570799803297,0.467261591393992,0.743286775805727,0.271033256809906,0.304618945875504,0.589271620797961,0.835389571318262,0.271444988751485,0.533199957395716,0.249029998018134,0.00113157581570794,2.10636726949431e-08,-0.000294080701453536,0.00345190470110873,-0.00104371861913555,-3.28140545291511e-08,0.00397949187621377,-0.00817768432509647,-0.00262236943036143,-0.0117063812110209,-0.00651068888755446,0.00533130011805738,-0.00217339709749442,0.000454150043627255,3.51139994858585e-09,0.00413525761368888,0.00541265838135274,0.00361430938527472,0.00585846143774771,0.000718147834560368,-0.00106712347102034,-3.23935762103211e-08,-0.00644619936060575,-0.00145608649685142,0.0011048495085276,0.00464522642605547,5.10407259054491e-05,0.00526027269428769,-0.00103858269652257,-0.0045292142251519,0.00597348057336294,0.00142968875125948,-0.00106712347102034,-2.59190597873271e-08,-0.00650147936890677,-0.00109483433010688
13.034350244213,305,94.1452767058225,0.017549869,0.50151474189815,-0.315917640341738,0.000154301999999999,13.034350244213,3.61031165472082,0.250030924102172,0.736628412595548,0.992521648941283,0.48691029233245,0.742592872324345,0.255863930736362,0.32602970156111,0.624952410628085,0.939541970841048,0.299312382212257,0.6149182870441,0.315314263445345,0.534921157848128,0.81278506747924,0.958682791663285,0.273230869870759,0.399530761785454,0.128903782081713,0.305237401276113,0.575533588040129,0.834629113201306,0.263620441020076,0.531906431864093,0.259301373267343,0.250451987657969,0.725716111838075,0.993618633249535,0.471896256088013,0.742596184662789,0.267321446598839,0.310782864269541,0.590681140582489,0.834629113201306,0.271444961145999,0.52643894262044,0.247739488264687,0.00098800323243195,2.19514507682206e-08,-0.000159105834662054,0.00273713860200975,-0.000688634298875668,-3.42609771109004e-08,0.00417162344043487,-0.00858787575194986,-0.0025399628996492,-0.0124310758861503,-0.00691861926579806,0.00554002631976852,-0.00217577960345017,0.000696594499560832,4.57110216345313e-09,0.00286951660996448,0.00588470966039739,0.00350554189293265,0.00603499745901148,0.000672859996084796,-0.000760458116956131,-3.44505998173261e-08,-0.0066758704153409,-0.0015050712768917,0.000988137288771007,0.00386172468631185,4.78334462383767e-05,0.0046346646940208,-0.000690591142938235,-0.00371181021106681,0.00616391839403718,0.0014095197845273,-0.000760458116956131,-2.76054857861752e-08,-0.00676101477527624,-0.00129050975344713
13.5366077384259,317,93.7972516858534,0.017614346,0.502257494212966,-0.348025019969143,6.44770000000003e-05,13.5366077384259,3.6792129237686,0.250851397468004,0.736628434816736,0.992450902290442,0.489019520689601,0.742171237380344,0.255863896027866,0.330238075725892,0.616080132632828,0.937051596504874,0.286401606942364,0.6077405302328,0.32096089971243,0.532671024404567,0.813494022708662,0.958682797107031,0.276133745877833,0.405725661258334,0.132287684784434,0.311215843474515,0.576194466369578,0.834108946179767,0.263620405628283,0.525254989067496,0.257716470890644,0.251289800830301,0.728815122063789,0.993664019134496,0.475822226120814,0.742169898314567,0.264382643666776,0.316923810122646,0.592107828234478,0.834108946179767,0.27144493294821,0.519651480489352,0.246151268344955,0.000820473365831964,2.22211877787259e-08,-7.07466508415022e-05,0.00210922835715155,-0.000421634944001159,-3.47084961882516e-08,0.00420837416478248,-0.00887227799525714,-0.00249037433617416,-0.0129107752698929,-0.00717775681129962,0.00564663626708473,-0.00225013344356129,0.000708955229421826,5.44374689770422e-09,0.00290287600707317,0.00619489947287999,0.0033839027027209,0.00597844219840221,0.000660878329448944,-0.000520167021539453,-3.53917931072978e-08,-0.00665144279659724,-0.00158490237669967,0.000837813172331836,0.00309901022571413,4.53858849607247e-05,0.00392597003280121,-0.000426286348221727,-0.00293880293206272,0.00614094585310426,0.00142668765198983,-0.000520167021539453,-2.81977893812346e-08,-0.00678746213108805,-0.00158821991973157
14.0382397199074,329,93.404564451005,0.01775152,0.501631981481482,-0.392687234848367,0.000137174,14.0382397199074,3.74676389967495,0.251520728403487,0.736628456720052,0.992517531655731,0.490656414335354,0.741921124416322,0.255863861816632,0.33438161384736,0.607008966207978,0.934463912277169,0.273190502644619,0.600372605555873,0.32662466374469,0.530331520684609,0.814150362924575,0.95868280326049,0.28065311465673,0.412112474199736,0.135539720037682,0.316969725016814,0.576862765664548,0.833743215320141,0.263620370352244,0.518804391671181,0.256035150463605,0.251978390681942,0.731285498177221,0.993707344113398,0.479100718906111,0.741915033843717,0.262065312135904,0.322884247180132,0.593571259323082,0.833743215320141,0.271444905131441,0.513006910973101,0.244206807448822,0.000669330935482604,2.19033164938764e-08,6.6629365289006e-05,0.0016368936457527,-0.000250112964021776,-3.42112341233936e-08,0.00414353812146789,-0.00907116642485017,-0.0025876842277045,-0.0132111042977451,-0.00736792467692693,0.00566376403226004,-0.00233950371995828,0.00065634021591332,6.15345896459729e-09,0.0045193687788978,0.00638681294140159,0.00325203525324808,0.00575388154229867,0.000668299294970254,-0.000365730859626212,-3.52760394228824e-08,-0.00645059739631459,-0.00168132042703889,0.000688589851640997,0.00247037611343204,4.33249789019152e-05,0.00327849278529713,-0.000254864470849769,-0.00231733153087266,0.00596043705748689,0.00146343108860369,-0.000365730859626212,-2.78167692213671e-08,-0.00664456951625125,-0.00194446089613262
14.5397669583333,341,92.9486519167967,0.017891813,0.501527238425924,-0.455912534208238,0.000140293,14.5397669583333,3.81310463511472,0.252066554849112,0.736628477865756,0.992676372140971,0.49196256052778,0.741775492528021,0.25586382880638,0.338440531698468,0.597754291888799,0.93158941275155,0.259734513309325,0.592777299160096,0.332256542841514,0.527917177892052,0.814748784710958,0.958682810004508,0.286379261315097,0.418616564575002,0.138685471798691,0.322413134655943,0.577548431717044,0.833457720630751,0.263620335975388,0.512638671470037,0.254246552316925,0.252537095105548,0.733293473819348,0.993748967637241,0.481867848057967,0.741765323971156,0.26019327727091,0.328578232702016,0.595083761340341,0.833457720630751,0.271444878407521,0.506594497017594,0.241873064775669,0.000545826445624842,2.11457032994744e-08,0.000158840485240841,0.00130614619242581,-0.000145631888301745,-3.30102515877506e-08,0.0040589178511079,-0.00925467431917926,-0.00287449952561925,-0.0134559893352942,-0.00759530639577743,0.00563187909682394,-0.00241434279255615,0.000598421786382919,6.7440174555955e-09,0.00572614665836635,0.00650409037526573,0.00314575176100859,0.00544340963912909,0.000685666052495648,-0.000285494689389876,-3.43768556398949e-08,-0.00616572020114392,-0.00178859814668014,0.000558704423606449,0.00200797564212729,4.16235238424045e-05,0.00276712915185551,-0.000149709872561021,-0.00187203486499415,0.00569398552188316,0.00151250201725894,-0.000285494689389876,-2.67239197992986e-08,-0.00641241395550662,-0.00233374267315334
15.0399664583333,353,92.419549536905,0.018001268,0.500199500000001,-0.529102379891782,0.000109455000000001,15.0399664583333,3.8781395614822,0.252518319897904,0.736628497806007,0.992913140293074,0.493042874907519,0.7416890920627,0.255863797705506,0.342439585704203,0.588347630449737,0.928375553658167,0.246084189268462,0.58490962128641,0.337808604840311,0.525467399537893,0.815279605793319,0.958682817202734,0.291072205955301,0.425156680301219,0.14175618951994,0.327476381673611,0.578249051065168,0.833198456738666,0.263620303270773,0.506823134893865,0.252356753979978,0.252990617169005,0.734974979948556,0.993789017884021,0.484241531158067,0.741675652419821,0.25862589152131,0.333926033993081,0.596641555274205,0.833198456738666,0.271444853445307,0.500494194608551,0.239151248787633,0.000451765048792019,1.99402510059343e-08,0.000236768152102829,0.0010803143797391,-8.64004653208239e-05,-3.11008742093222e-08,0.00399905400573464,-0.00940666143906188,-0.00321385909338301,-0.0136503240408629,-0.0078676778736857,0.00555206199879704,-0.00244977835415905,0.000530821082360911,7.19822601524811e-09,0.0046929446402047,0.00654011572621727,0.00307071772124909,0.00506324701766847,0.00070061934812371,-0.000259263892084305,-3.27046148496102e-08,-0.00581553657617273,-0.00188979833694647,0.000453522063457112,0.0016815061292077,4.0050246779999e-05,0.00237368310010067,-8.9671551334769e-05,-0.00156738574959941,0.00534780129106543,0.00155779393386402,-0.000259263892084305,-2.49622138515093e-08,-0.00610030240904347,-0.00272181598803589
15.5387467881944,365,91.8132264527232,0.018008305,0.498780329861109,-0.606323084181795,7.03699999999793e-06,15.5387467881944,3.94192171259076,0.252903274130595,0.736628516202144,0.993149545507905,0.493927683169149,0.741628140203713,0.255863769043022,0.346439209579571,0.578793738840701,0.924795036033732,0.232236310503738,0.576690026761991,0.343256150187736,0.523020177963169,0.815767047521173,0.95868282473275,0.293023262667381,0.431694204500551,0.14478084344966,0.332118269230366,0.578955576990566,0.832927525413877,0.263620272809405,0.501390073125791,0.250377785253871,0.253368415452119,0.736426634747267,0.993827765774614,0.486294095943662,0.741612113948305,0.257268252426031,0.338869958782549,0.598234927921718,0.832927525413877,0.271444830727868,0.494757549756979,0.236060722076503,0.000384954232691304,1.83961378352748e-08,0.000236405214830482,0.000884808261629899,-6.09518589864688e-05,-2.86624837753102e-08,0.00399962387536817,-0.00955389160903541,-0.00358051762443545,-0.0138478787647243,-0.00821959452441934,0.00544754534742553,-0.00244722157472421,0.000487441727853977,7.53001661024655e-09,0.0019510567120799,0.00653752419933218,0.00302465392971993,0.00464188755675465,0.000706525925398216,-0.000270931324788948,-3.04613685941924e-08,-0.00543306176807412,-0.00197896872610742,0.000377798283113351,0.0014516547987109,3.8747890593549e-05,0.00205256478559512,-6.35384715161891e-05,-0.00135763909527925,0.00494392478946831,0.00159337264751269,-0.000270931324788948,-2.27174394851204e-08,-0.00573664485157155,-0.00309052671112958
16.0370409351852,377,91.1164558386821,0.018105175,0.498294146990748,-0.696770614041085,9.68700000000024e-05,16.0370409351852,4.00462744024774,0.253249680777773,0.736628532810143,0.993401069372253,0.494592430313917,0.741561492686567,0.25586374319663,0.350496469363425,0.56907258058652,0.920743237903052,0.218158049761348,0.568023561405239,0.348589318158435,0.52059286881055,0.816254438791015,0.958682832474757,0.292588625620663,0.438240453112173,0.147767604143577,0.336297853493744,0.579655676785458,0.83261350852562,0.263620245016615,0.49636604937528,0.248323881283042,0.253699609513219,0.737687257961679,0.993865501359747,0.488022284609839,0.741543540511734,0.256085658570673,0.343353645246265,0.599849062100494,0.83261350852562,0.271444810584571,0.489427863622086,0.232635613047731,0.000346406647178221,1.66079985319811e-08,0.000251523864348124,0.000664747144768552,-6.66475171466896e-05,-2.58463916380514e-08,0.00405725978385396,-0.00972115825418141,-0.0040517981306798,-0.0140782607423899,-0.00866646535675175,0.00533316797069838,-0.00242730915261868,0.000487391269842097,7.74200636932676e-09,-0.000434637046718755,0.00654624861162162,0.00298676069391771,0.00417958426337811,0.000700099794892384,-0.000314016888257607,-2.7792789791814e-08,-0.00502402375051048,-0.00205390397082855,0.000331194061100326,0.00126062321441189,3.77355851326477e-05,0.00172818866617697,-6.85734365711843e-05,-0.00118259385535791,0.00448368646371577,0.00161413417877676,-0.000314016888257607,-2.01432961421943e-08,-0.00532968613489293,-0.00342510902877297
16.5337714548611,389,90.2958218562697,0.018443771,0.496730519675928,-0.820633982412403,0.000338596,16.5337714548611,4.06617405614432,0.253574558761069,0.7366285473764,0.99357585075466,0.494978919824077,0.741460900866019,0.255863720552716,0.354633923794932,0.559207083568314,0.916119477061604,0.203886444377505,0.558875862419584,0.35378058373868,0.518201017720703,0.816798391051595,0.958682840278912,0.291669158522912,0.444861767878557,0.150701780092758,0.33994735367527,0.580328903738615,0.832228047670178,0.263620220328764,0.491808213647992,0.246225162104419,0.254005911585118,0.738737844381471,0.993902199605301,0.489353548924416,0.741441856365056,0.25510022139718,0.347289826165215,0.601455608607559,0.832228047670178,0.271444793321933,0.484580274244737,0.22894368839984,0.00032487798329528,1.45662572004213e-08,0.000174781382407341,0.000386489510159793,-0.000100591820547558,-2.26439142991808e-08,0.0041374544315072,-0.00986549701820627,-0.00462376084144733,-0.0142716053838425,-0.00914769898565493,0.00519126558024507,-0.0023918510898473,0.000543952260579683,7.80415509993304e-09,-0.000919467097750093,0.00662131476638433,0.00293417594918038,0.00364950018152599,0.000673226953156858,-0.000385460855441777,-2.46878510412607e-08,-0.00455783572728791,-0.00209871917862353,0.0003063020718993,0.00105058641979194,3.66982455544118e-05,0.00133126431457703,-0.000101684146678105,-0.000985437173493031,0.00393618091894982,0.00160654650706404,-0.000385460855441777,-1.72626385963603e-08,-0.00484758937734958,-0.00369192464789042
17.02697203125,401,89.2996606630302,0.018761877,0.49320057638889,-0.996161193239459,0.000318105999999999,17.02697203125,4.12637516850444,0.253883697236915,0.736628559710661,0.993608518005044,0.495041958383645,0.741314043255416,0.255863701397911,0.35884789022055,0.549248810842711,0.910946545167338,0.189506269722717,0.549290294353786,0.358804792718986,0.515864138359544,0.817458620112456,0.958682847988699,0.292524500781045,0.451631650539738,0.153561829777566,0.343005856539622,0.580953054659445,0.831756077685733,0.263620199094562,0.48777924589026,0.244119597969313,0.254296369241266,0.739528099764692,0.993937604976383,0.49020272243636,0.741294811536922,0.25436447365258,0.350593554304589,0.603019000090107,0.831756077685733,0.271444779132442,0.48029673779781,0.225077998424268,0.000309138475846071,1.23342605018451e-08,3.26672503835335e-05,6.30385595682403e-05,-0.000146857610603401,-1.91548048533718e-08,0.00421396642561805,-0.00995827272560212,-0.0051729318942666,-0.0143801746547886,-0.00958556806579858,0.00502420898030576,-0.00233687936115956,0.00066022906086094,7.70978691999602e-09,0.000855342258132497,0.00676988266118056,0.00286004968480794,0.0030585028643515,0.00062415092082968,-0.000471969984445098,-2.12342022853917e-08,-0.00402896775773259,-0.0021055641351056,0.000290457656148324,0.00079025538322075,3.54053710818203e-05,0.000849173511943302,-0.00014704482813388,-0.000735747744600335,0.00330372813937396,0.0015633914825488,-0.000471969984445098,-1.41894912486507e-08,-0.00428353644692636,-0.00386568997557254
17.5180773356482,413,88.0716862412119,0.018863043,0.491105304398147,-1.22797442181833,0.000101166,17.5180773356482,4.18546022984906,0.254176230583498,0.736628569787079,0.993517615866186,0.494733903103839,0.741119862536456,0.255863685765772,0.363115601767812,0.539180885701463,0.905240141109446,0.175031017523924,0.539315346888895,0.363682050308822,0.513598925732051,0.818284420321527,0.958682855510592,0.296027693837202,0.458576898742889,0.156348673387476,0.345464308016176,0.581510723884856,0.831191107693688,0.26362018138094,0.484300891816604,0.242033346104457,0.254569098837573,0.740019546358086,0.993971576739877,0.490530735898238,0.741101463723356,0.253919274754492,0.353227966736774,0.604512768077831,0.831191107693688,0.271444767974204,0.47661880090729,0.221116606142647,0.000292533346582802,1.00764188104563e-08,-9.09021388582065e-05,-0.000308055279806152,-0.000194180718959269,-1.56321389166436e-08,0.0042677115472618,-0.0100679251412484,-0.00570640405789236,-0.0144752521987922,-0.00997494746489058,0.0048772575898367,-0.00226521262749257,0.000825800209071859,7.52189288633076e-09,0.00350319305615654,0.00694524820315107,0.00278684360991036,0.00245845147655394,0.000557669225410673,-0.000564969992045361,-1.77136220691487e-08,-0.00347835407365599,-0.00208625186485664,0.000272729596306698,0.000491446593394618,3.39717634936232e-05,0.000328013461877996,-0.000193347813565836,-0.00044519889808714,0.00263441243218521,0.00149376798772327,-0.000564969992045361,-1.11582373341079e-08,-0.00367793689052004,-0.0039613922816206
18.0074121412037,425,86.5860506383056,0.019112518,0.489334805555554,-1.48563560290627,0.000249474999999999,18.0074121412037,4.24351412642914,0.254444787855197,0.736628577610799,0.993480475715548,0.494052273023395,0.740883109545906,0.255863673644792,0.367355010389277,0.529012542667471,0.899081907796527,0.160539247953858,0.52909620730155,0.368428507885886,0.511447191687036,0.819323666384082,0.958682862745438,0.301883425852057,0.465574475861334,0.159054984840268,0.34734129023926,0.581982525600499,0.830537640128693,0.263620167188487,0.481389634226562,0.240000494817535,0.2548089829801,0.740202990127752,0.994003694163519,0.490370725212657,0.740867109410807,0.253773371306262,0.355183505414192,0.605907010897041,0.830537640128693,0.271444759734108,0.47358190760098,0.217151099723879,0.000268557271699887,7.82371911700608e-09,-3.71401506378266e-05,-0.000681630080444418,-0.000236752990550149,-1.21209808856548e-08,0.00423940862146488,-0.0101683430339916,-0.00615823331291854,-0.0144917695700668,-0.0102191395873454,0.00474645757706316,-0.00215173404501501,0.00103924606255446,7.23484638864846e-09,0.00585573201485579,0.00699757711844512,0.00270631145279215,0.0018769822230848,0.000471801715643316,-0.000653467564994625,-1.41924528795911e-08,-0.00291125759004129,-0.00203285128692113,0.000239884142526681,0.000183443769665614,3.21174236421751e-05,-0.000160010685581191,-0.000234354312549034,-0.000145903448230233,0.00195553867741738,0.00139424281921019,-0.000653467564994625,-8.24009588340502e-09,-0.00303689330631041,-0.00396550641876825
18.524716525463,438,84.7485106154132,0.0193145,0.517304384259266,-1.83754002289241,0.000201982,18.524716525463,4.30403491220308,0.254671873111096,0.736628583526083,0.993631554429102,0.493098235708832,0.740618034635897,0.255863664493886,0.371665065612884,0.518150277099696,0.892214909074277,0.145297116334717,0.518245975483487,0.373335366334263,0.509337664877421,0.820661150613289,0.958682869995692,0.30967496454121,0.472805994757537,0.161829433349488,0.348779648295307,0.582371000597624,0.829796737886212,0.263620155856722,0.478909468701424,0.237940984238676,0.254993198010897,0.740131035017731,0.994035105907811,0.489862093847499,0.740606662182788,0.25387104384848,0.356579948963157,0.607246692277787,0.829796737886212,0.271444753922909,0.471060623997744,0.213043786610982,0.000227085255898096,5.91528437343669e-09,0.000151078713554353,-0.000954037314562839,-0.000265074910009711,-9.15090525577256e-09,0.00431005522360767,-0.0108622655677751,-0.00686699872224994,-0.0152421316191409,-0.0108502318180631,0.0049068584483779,-0.00210952680961496,0.00133748422920732,7.25025428582882e-09,0.00779153868915244,0.00723151889620327,0.0027744485092201,0.00143835805604703,0.000388474997125132,-0.000740902242481134,-1.13317649153011e-08,-0.00248016552513874,-0.00205951057885911,0.000184215030796742,-7.19551100210047e-05,3.14117442926642e-05,-0.000508631365157108,-0.000260447228019323,9.76725422182079e-05,0.00139644354896507,0.00133968138074669,-0.000740902242481134,-5.81119924403239e-09,-0.00252128360323556,-0.00410731311289719
19.0330579074074,451,82.7295673731885,0.019914197,0.508341381944454,-2.01894324222474,0.000599697000000003,19.0330579074074,4.36268929760159,0.254770765676848,0.736628587093632,0.993949284351996,0.492282407826149,0.740443060584349,0.255863658976508,0.375493295187737,0.507430099124969,0.885286860841274,0.130623200628819,0.507886640043418,0.378045823412701,0.507471978777139,0.822152090176185,0.958682876605196,0.317535861372025,0.479426911048856,0.164461378011861,0.349781873834069,0.582628922469901,0.829150593882858,0.263620148203262,0.477039444194043,0.236044316800942,0.255049009911139,0.739917914981404,0.994062766898874,0.489357544133003,0.74043678207275,0.254089214822832,0.357426432648338,0.608402368690826,0.829150593882858,0.271444750761084,0.469230357595918,0.209192656793968,9.88925657520734e-05,3.56754925601166e-09,0.000317729922893806,-0.000815827882683307,-0.000174974051547427,-5.51737799892038e-09,0.00382822957485301,-0.0107201779747274,-0.00692804823300341,-0.0146739157058979,-0.0103593354400683,0.00471045707843754,-0.00186568610028182,0.0014909395628957,6.60950383313264e-09,0.00786089683081559,0.00662091629131933,0.00263194466237296,0.00100222553876156,0.000257921872276468,-0.000646144003353388,-7.65346030995318e-09,-0.00187002450738072,-0.00189666743773437,5.58119002420643e-05,-0.00021312003632723,2.76609910621062e-05,-0.00050454971449676,-0.000169880110038267,0.000218170974351783,0.000846483685181809,0.00115567641303849,-0.000646144003353388,-3.16182469095594e-09,-0.00183026640182599,-0.0038511298170131
19.5266908483796,464,80.6199525904958,0.020320456,0.493632940972216,-2.10961478269272,0.000406258999999999,19.5266908483796,4.41890154318691,0.25467557770372,0.736628588553342,0.994131952907998,0.491789318817229,0.740461018210201,0.255863656700742,0.378592069047879,0.497124339654429,0.878634446774251,0.116964197369553,0.498477392864433,0.382471266727808,0.505903051044013,0.823717267680066,0.958682882453408,0.323235206132606,0.485081487291414,0.166926753601246,0.350452800781597,0.582752715485487,0.828768983793056,0.263620143843398,0.475765799052564,0.234356381703687,0.254934014782562,0.739585048638243,0.994085938168885,0.489040710351781,0.74045813710741,0.254403515132456,0.3578912064019,0.6093516127042,0.828768983793056,0.271444749722796,0.468025059288285,0.205719218630127,-9.51879731277971e-05,1.45971013054691e-09,0.000182668556001797,-0.0004930890089197,1.79576258514391e-05,-2.27576607558788e-09,0.00309877386014146,-0.0103057594705396,-0.00665241406702244,-0.0136590032592658,-0.00940924717898572,0.00442544331510736,-0.00156892773312645,0.00156517750388074,5.8482120257608e-09,0.00569934476058026,0.00565457624255811,0.00246537558938484,0.000670926947528072,0.000123793015586182,-0.000381610089802642,-4.35986313718217e-09,-0.00127364514147871,-0.00168793509725526,-0.000114995128576434,-0.00033286634316021,2.31712700113906e-05,-0.000316833781222159,2.13550346608304e-05,0.000314300309623761,0.000464773753561409,0.000949244013373818,-0.000381610089802642,-1.03828817765717e-09,-0.00120529830763333,-0.00347343816384174
20.0170561215278,477,78.4052647386528,0.020774599,0.49036527314815,-2.21468785184294,0.000454143000000001,20.0170561215278,4.4740424809704,0.254358278608901,0.736628588181714,0.994129383515869,0.491506471117097,0.740740899979342,0.255863657229918,0.380880934754457,0.487225237369814,0.872295390693224,0.104331756795777,0.490067388681241,0.38662148986625,0.504627515355675,0.825391021729047,0.958682887669098,0.325396218314952,0.489698899819853,0.169285470917174,0.35081852047062,0.582746199090778,0.828784417933822,0.263620142269664,0.475085609952082,0.232857448598046,0.254629040605793,0.738982777310446,0.994104820470988,0.488796661527002,0.740737390413907,0.254965859699365,0.358053403501374,0.610110476113268,0.828784417933822,0.271444750341834,0.467393057445872,0.202608497513571,-0.000317299094818313,-3.71628838813365e-10,-2.56939212883722e-06,-0.000282847700132038,0.000279881769141621,5.29175814278915e-10,0.00228886570657783,-0.00989910228461544,-0.00633905608102692,-0.0126324405737758,-0.00841000418319199,0.00415022313844182,-0.00127553568833771,0.00167375404898096,5.21568976896702e-09,0.00216101218234649,0.00461741252843872,0.00235871731592779,0.000365719689023325,-6.51639470883314e-06,1.54341407662129e-05,-1.57373464260147e-09,-0.00068018910048262,-0.00149893310564081,-0.000304974176769057,-0.000602271327797332,1.88823021032292e-05,-0.000244048824778964,0.000279253306496141,0.000562344566909234,0.00016219709947457,0.000758863409068278,1.54341407662129e-05,6.19037432425529e-10,-0.000632001842413188,-0.00311072111655569
20.5127346979167,490,76.0515394539776,0.021077603,0.49567857638889,-2.35372528467525,0.000303003999999999,20.5127346979167,4.52909866285961,0.253841510603765,0.736628586130853,0.99398856324637,0.491141524152216,0.741256467810442,0.255863660326703,0.382316673131414,0.477827885941053,0.866261948144807,0.0928388567903455,0.482688138031232,0.390439529101443,0.503647401474146,0.827229234532253,0.958682892341085,0.324485185519437,0.493295290815346,0.171578291932056,0.350796600127584,0.582605348518376,0.829235708684326,0.26362014319147,0.475065161925414,0.231543282931805,0.254151182084499,0.737923367774894,0.994119274018475,0.488334809347771,0.741247690467739,0.255966209098158,0.357866227050818,0.6106799214281,0.829235708684326,0.271444752348199,0.467366720717036,0.199875845532704,-0.000516768005136281,-2.05086070348415e-09,-0.000140820269498465,-0.000364946964880875,0.000515567831099739,3.09678488408238e-09,0.00143573837695726,-0.00939735142876091,-0.00603344254841709,-0.0114929000054315,-0.00737925065000894,0.0038180392351928,-0.000980113881529077,0.00183821280320662,4.6719873525447e-09,-0.00091103279551491,0.00359639099549308,0.00229282101488212,-2.19203430366632e-05,-0.000140850572402318,0.000451290750504318,9.21806631026811e-10,-2.04480266675633e-05,-0.0013141656662409,-0.000477858521294505,-0.00105940953555173,1.4453547486748e-05,-0.000461852179230338,0.000510300053832013,0.00100034939879234,-0.000187176450556159,0.000569445314832162,0.000451290750504318,2.00636518510322e-09,-2.63367288356187e-05,-0.00273265198086686
